epoch,time,train/box_loss,train/cls_loss,train/dfl_loss,metrics/precision(B),metrics/recall(B),metrics/mAP50(B),metrics/mAP50-95(B),val/box_loss,val/cls_loss,val/dfl_loss,lr/pg0,lr/pg1,lr/pg2
1,188.948,2.0656,3.46354,1.33181,0.00417,0.50649,0.02004,0.00852,1.63438,5.07312,1.29828,0.000647619,0.000647619,0.000647619
2,395.223,2.02566,2.7947,1.36591,0.08095,0.14545,0.03001,0.01062,1.76513,5.37777,1.44073,0.00105406,0.00105406,0.00105406
3,569.104,2.00955,2.4682,1.35637,0.27457,0.34545,0.20769,0.08439,1.69576,3.90425,1.28007,0.0011965,0.0011965,0.0011965
4,759.624,1.88772,2.84513,1.29977,0.28953,0.34026,0.20425,0.08107,1.55741,3.58621,1.23675,0.000812,0.000812,0.000812
5,4472.6,1.93838,2.44727,1.30895,0.33485,0.33344,0.26951,0.1054,1.5424,3.35568,1.21911,0.000416,0.000416,0.000416
